magddzi 123 Madziunia Pr madziuniapr@wp.pl 1 222
milokur 123 Miloszek HrPr/2 miloszek@wp.pl 1 0
andrmas 123 Andy Dev andy.madryt@wp.pl 3 333
marcfur 123 Marcefelek PrecelekDevops marc@wp.pl 2 4
jakusko 123 Jakub Dev jakusko@wp.pl 3 5
admin admin Admin Admin admin@admin.pl 2 654
